path, count
numpy.lib.scimath.sqrt, 1
numpy.ndarray.__new__, 1
numpy.ndarray.__setitem__, 1
numpy.ndarray.__repr__, 1
numpy.ndarray.__getitem__, 1
numpy.char.array, 1
numpy.char.ljust, 1
numpy.char.replace, 1
numpy.recarray.field, 1
numpy.rec.find_duplicate, 1
numpy.rec.format_parser, 1
scipy.misc.ascent, 1
numpy.getbufsize, 1
numpy.bytes_, 1
numpy.fmin, 1
numpy.bitwise_not, 1
scipy.stats.norm.sf, 1
numpy.histogram_bin_edges, 1
scipy.stats.circmean, 1
numpy.ma.asanyarray, 1
numpy.ma.mvoid, 1
numpy.not_equal, 1
numpy.positive, 1
numpy.remainder, 1
numpy.isfinite.at, 1
numpy.greater.at, 1
numpy.sin.reduce, 1
numpy.sin.accumulate, 1
numpy.sin.reduceat, 1
numpy.greater.reduce, 1
numpy.greater.accumulate, 1
numpy.greater.reduceat, 1
numpy.sin.outer, 1
numpy.get_numpy_include, 1
scipy.special.gamma, 1
scipy.special.gammainc, 1
scipy.sparse.vstack, 1
scipy.sparse.hstack, 1
numpy.einsum_path, 1
numpy.ma.dot, 1
numpy.ma.MaskError, 1
numpy.ma.core._check_fill_value, 1
numpy.ma.core._DomainedBinaryOperation, 1
numpy.ma.minimum_fill_value, 1
numpy.ma.maximum_fill_value, 1
numpy.piecewise, 1
numpy.fft.rfftfreq, 1
scipy.sparse.linalg.aslinearoperator, 1
scipy.sparse.linalg.interface.MatrixLinearOperator, 1
numpy.ma.average, 1
scipy.stats.moment, 1
scipy.stats.f_oneway, 1
numpy.frompyfunc, 1
numpy.subtract.outer, 1
numpy.bitwise_and.outer, 1
numpy.void, 1
numpy.string_, 1
scipy.ndimage.zoom, 1
numpy.ma.masked_less, 1
numpy.random.gumbel, 1
numpy.ma.column_stack, 1
numpy.ma.reshape, 1
numpy.logical_and.reduce, 1
numpy.ma.masked_less_equal, 1
numpy.unwrap, 1
numpy.ma.mrecords.fromrecords, 1
numpy.ma.sqrt, 1
numpy.ndarray.view, 1
numpy.imag, 1
numpy.nancumprod, 1
numpy.nancumsum, 1
numpy.nanprod, 1
numpy.vdot, 1
numpy.linalg.pinv, 1
numpy.kron, 1
numpy.vander, 1
numpy.extract, 1
scipy.sparse.rand, 1
numpy.datetime_data, 1
numpy.lib.arraysetops.in1d, 1
numpy.cumproduct, 1
numpy.typeDict.get, 1
numpy.common_type, 1
numpy.ma.mrecords.fromarrays, 1
numpy.bool, 1
numpy.minimum.accumulate, 1
numpy.maximum.accumulate, 1
numpy.busday_offset, 1
numpy.is_busday, 1
scipy.integrate.quad, 1
numpy.math.factorial, 1
scipy.linalg.sqrtm, 1
scipy.signal.convolve, 1
numpy.ndarray.__array_wrap__, 1
numpy.poly, 1
numpy.trunc, 1
numpy.fft.ifftshift, 1
numpy.testing.utils.assert_almost_equal, 1
numpy.testing.utils.assert_equal, 1
numpy.savez_compressed, 1
scipy.special.i1e, 1
scipy.special.i0e, 1
numpy.tril_indices_from, 1
scipy.linalg.cho_solve, 1
numpy.random.standard_cauchy, 1
scipy.special.gammaln, 1
scipy.stats.matrix_normal.logpdf, 1
numpy.fft.fft2, 1
numpy.fft.fftshift, 1
numpy.rec.fromfile, 1
numpy.rec.fromstring, 1
numpy.unpackbits, 1
numpy.testing.assert_, 1
numpy.dual.ifftn, 1
scipy.stats.norm.ppf, 1
numpy.fft.irfftn, 1
numpy.float_, 1
numpy.lookfor, 1
numpy.testing.rundocs, 1
numpy.array_equiv, 1
scipy.stats.chisquare, 1
numpy.union1d, 1
numpy.warnings.catch_warnings, 1
numpy.warnings.filterwarnings, 1
numpy.testing.assert_no_warnings, 1
scipy.io.savemat, 1
numpy.iscomplex, 1
numpy.bitwise_xor, 1
numpy.recarray.__new__, 2
numpy.minimum.reduce, 2
numpy.maximum.reduce, 2
numpy.char.encode, 2
numpy.isposinf, 2
numpy.isneginf, 2
numpy.unicode_, 2
numpy.__getattribute__, 2
numpy.ma.allequal, 2
numpy.rec.fromrecords, 2
numpy.uint, 2
numpy.fft.ifft, 2
numpy.reciprocal, 2
numpy.negative.at, 2
numpy.log.at, 2
numpy.greater.outer, 2
numpy.ma.fix_invalid, 2
numpy.nanpercentile, 2
numpy.get_include, 2
numpy.asscalar, 2
scipy.special.erf, 2
numpy.partition, 2
numpy.argpartition, 2
numpy.fromfunction, 2
scipy.linalg.solve_triangular, 2
numpy.str_, 2
numpy.less, 2
numpy.greater, 2
numpy.alltrue, 2
numpy.isreal, 2
numpy.ma.power, 2
numpy.mat, 2
numpy.distutils.misc_util.get_info, 2
numpy.random.standard_gamma, 2
numpy.linalg.cond, 2
numpy.diag_indices, 2
numpy.intp, 2
numpy.roots, 2
numpy.place, 2
numpy.bitwise_xor.reduce, 2
numpy.core.records.fromarrays, 2
numpy.random.get_state, 2
numpy.lib.pad, 2
scipy.stats.norm.pdf, 2
numpy.testing.assert_approx_equal, 2
numpy.trim_zeros, 2
numpy.random.multivariate_normal, 2
scipy.sparse.csc_matrix, 2
numpy.cbrt, 2
numpy.dual.fftn, 2
numpy.fft.rfftn, 2
numpy.asmatrix, 2
numpy.ma.mean, 2
numpy.ma.median, 2
numpy.ndarray.flatten, 2
scipy.sparse.csr_matrix, 2
numpy.fabs, 3
numpy.sinh, 3
numpy.rec.recarray.field, 3
numpy.maximum_sctype, 3
numpy.ma.masked_values, 3
numpy.get_printoptions, 3
numpy.heaviside, 3
numpy.ldexp, 3
numpy.square.at, 3
numpy.multiply.accumulate, 3
numpy.multiply.reduceat, 3
numpy.multiply.outer, 3
numpy.geterr, 3
numpy.sinc, 3
scipy.linalg.lu, 3
numpy.ma.concatenate, 3
numpy.ma.set_fill_value, 3
numpy.fft.fftfreq, 3
numpy.ediff1d, 3
numpy.correlate, 3
numpy.logical_or.reduce, 3
numpy.row_stack, 3
numpy.ma.testutils.assert_array_almost_equal, 3
numpy.nanvar, 3
numpy.MachAr, 3
numpy.linalg.slogdet, 3
numpy.linalg.eigvals, 3
numpy.random.weibull, 3
numpy.random.power, 3
numpy.random.geometric, 3
numpy.random.beta, 3
numpy.random.f, 3
numpy.random.laplace, 3
numpy.linalg.matrix_power, 3
numpy.linalg.eigvalsh, 3
numpy.random.set_state, 3
scipy.sparse.coo_matrix, 3
numpy.fix, 3
numpy.ma.copy, 3
numpy.poly1d, 3
numpy.amin, 3
numpy.save, 3
numpy.rec.fromarrays, 4
numpy.uint16, 4
numpy.left_shift, 4
numpy.uint8, 4
numpy.int16, 4
numpy.fmax, 4
numpy.nanmedian, 4
numpy.nanstd, 4
numpy.add.reduceat, 4
numpy.sin.at, 4
numpy.multiply.at, 4
numpy.add.outer, 4
numpy.digitize, 4
numpy.savetxt, 4
numpy.flipud, 4
numpy.random.rayleigh, 4
numpy.ma.asarray, 4
numpy, 4
numpy.bitwise_or.reduce, 4
numpy.rint, 4
numpy.diag_indices_from, 4
numpy.hsplit, 4
numpy.random.standard_exponential, 4
numpy.rot90, 4
numpy.invert, 4
numpy.sctype2char, 4
numpy.require, 4
numpy.bitwise_and, 5
numpy.add.accumulate, 5
numpy.floor_divide, 5
numpy.square, 5
numpy.frexp, 5
numpy.multiply.reduce, 5
numpy.flip, 5
numpy.savez, 5
numpy.hanning, 5
numpy.histogram2d, 5
numpy.linalg.matrix_rank, 5
numpy.tril_indices, 5
numpy.logical_xor, 5
numpy.min_scalar_type, 6
numpy.choose, 6
numpy.add.reduce, 6
numpy.isfortran, 6
numpy.find_common_type, 6
numpy.nanmean, 6
numpy.ma.zeros, 6
numpy.random.gamma, 6
scipy.linalg.cholesky, 6
numpy.ma.filled, 6
numpy.fft.fft, 6
numpy.triu, 6
numpy.genfromtxt, 6
numpy.random.triangular, 6
numpy.ma.ravel, 6
numpy.ma.getmaskarray, 6
numpy.int_, 6
numpy.polyder, 6
numpy.fromiter, 7
numpy.equal, 7
numpy.expm1, 7
numpy.select, 7
numpy.matrix, 7
numpy.ma.allclose, 7
numpy.linalg.qr, 7
numpy.random.multinomial, 7
numpy.random.exponential, 7
numpy.nextafter, 7
numpy.ma.getmask, 7
numpy.lib.stride_tricks.as_strided, 7
numpy.random.chisquare, 7
numpy.put, 7
numpy.shares_memory, 7
numpy.float, 7
numpy.triu_indices, 7
numpy.logaddexp, 7
numpy.memmap, 7
numpy.array2string, 8
numpy.arcsinh, 8
numpy.absolute, 8
numpy.complex64, 8
numpy.polyfit, 8
numpy.ma.masked_equal, 8
numpy.log1p, 8
numpy.conj, 8
numpy.tensordot, 8
numpy.ix_, 8
numpy.core.umath_tests.matrix_multiply, 8
numpy.linalg.cholesky, 8
numpy.int8, 8
numpy.ndarray.__setstate__, 8
numpy.fft.ifftn, 8
numpy.testing.run_module_suite, 8
numpy.apply_over_axes, 8
numpy.polyval, 9
numpy.cumprod, 9
numpy.add.at, 9
numpy.divmod, 9
numpy.random.lognormal, 9
numpy.ma.getdata, 9
numpy.angle, 9
numpy.tanh, 9
numpy.array_split, 9
numpy.random.binomial, 9
numpy.negative, 9
numpy.copysign, 10
numpy.argwhere, 10
numpy.ma.isMaskedArray, 10
numpy.random.sample, 10
numpy.amax, 10
numpy.nansum, 10
numpy.spacing, 10
numpy.fromstring, 10
numpy.ravel_multi_index, 10
numpy.promote_types, 10
numpy.gradient, 10
numpy.tril, 10
numpy.copyto, 10
numpy.tan, 10
numpy.ma.masked_all, 10
numpy.atleast_3d, 10
numpy.trapz, 10
numpy.fft.fftn, 10
numpy.testing.assert_array_almost_equal_nulp, 11
numpy.int, 11
numpy.inner, 12
numpy.setdiff1d, 12
numpy.log2, 12
numpy.linalg.eigh, 12
numpy.tri, 12
numpy.uint32, 13
numpy.isnat, 13
numpy.set_printoptions, 13
numpy.true_divide, 13
numpy.ma.masked_greater, 13
numpy.fliplr, 13
numpy.compress, 13
numpy.ma.is_masked, 14
numpy.modf, 14
numpy.convolve, 14
numpy.iscomplexobj, 14
numpy.ptp, 15
numpy.arcsin, 15
numpy.fromfile, 15
numpy.complex128, 15
numpy.ma.MaskedArray, 15
numpy.can_cast, 15
numpy.trace, 15
numpy.seterr, 15
numpy.in1d, 15
numpy.corrcoef, 15
numpy.random.random_sample, 15
numpy.random.mtrand.RandomState, 15
numpy.moveaxis, 16
numpy.testing.assert_array_less, 16
numpy.linalg.lstsq, 16
numpy.ma.masked_invalid, 16
numpy.delete, 16
numpy.random.poisson, 16
numpy.ma.masked_where, 17
numpy.nanmax, 17
numpy.vectorize, 18
numpy.split, 19
numpy.broadcast, 19
numpy.linalg.solve, 19
numpy.result_type, 19
numpy.cov, 19
numpy.around, 20
numpy.int32, 20
numpy.linalg.eig, 20
numpy.real, 20
numpy.ndenumerate, 20
numpy.linalg.LinAlgError, 20
numpy.bool_, 21
numpy.linalg.det, 21
numpy.random.permutation, 21
numpy.swapaxes, 21
numpy.unravel_index, 22
numpy.rec.array, 22
numpy.logical_or, 22
numpy.nanmin, 22
numpy.nan_to_num, 23
numpy.arccos, 23
numpy.int64, 23
numpy.apply_along_axis, 23
numpy.uint64, 24
numpy.flatnonzero, 24
numpy.matmul, 24
numpy.fill_diagonal, 24
numpy.degrees, 25
numpy.count_nonzero, 25
numpy.resize, 25
numpy.minimum, 26
numpy.radians, 27
numpy.loadtxt, 27
numpy.arctan, 27
numpy.broadcast_arrays, 28
numpy.full_like, 28
numpy.size, 28
numpy.lexsort, 28
numpy.interp, 29
numpy.squeeze, 29
numpy.product, 30
numpy.ndim, 30
numpy.rad2deg, 30
numpy.ma.masked_array, 31
numpy.linalg.svd, 31
numpy.pad, 32
numpy.divide, 32
numpy.ndindex, 32
numpy.random.ranf, 32
numpy.insert, 33
numpy.indices, 34
numpy.take, 34
numpy.subtract, 35
numpy.outer, 35
numpy.add, 36
numpy.identity, 37
numpy.random.shuffle, 39
numpy.nditer, 40
numpy.histogram, 40
numpy.dstack, 40
numpy.multiply, 41
numpy.float32, 42
numpy.recarray, 42
numpy.logical_not, 42
numpy.log10, 43
numpy.roll, 43
numpy.putmask, 43
numpy.rollaxis, 44
numpy.var, 44
numpy.mod, 45
numpy.stack, 45
numpy.median, 45
numpy.std, 46
numpy.isinf, 48
numpy.ceil, 48
numpy.power, 51
numpy.einsum, 52
numpy.expand_dims, 53
numpy.maximum, 53
numpy.ma.array, 54
numpy.ndarray, 54
numpy.floor, 55
numpy.broadcast_to, 56
numpy.diff, 56
numpy.frombuffer, 57
numpy.logical_and, 57
numpy.load, 57
numpy.percentile, 58
numpy.deg2rad, 59
numpy.logspace, 59
numpy.average, 59
numpy.linalg.inv, 60
numpy.iinfo, 61
numpy.random.standard_normal, 61
numpy.asfortranarray, 62
numpy.arctan2, 64
numpy.hypot, 65
numpy.diag, 66
numpy.sign, 69
numpy.ravel, 69
numpy.atleast_2d, 69
numpy.cross, 69
numpy.float64, 70
numpy.searchsorted, 71
numpy.argmin, 74
numpy.isfinite, 75
numpy.ascontiguousarray, 77
numpy.atleast_1d, 79
numpy.isscalar, 80
numpy.append, 80
numpy.random.choice, 80
numpy.nonzero, 84
numpy.datetime64, 84
numpy.round, 85
numpy.bincount, 86
numpy.isclose, 87
numpy.testing.assert_array_almost_equal, 90
numpy.copy, 93
numpy.argmax, 93
numpy.iterable, 94
numpy.column_stack, 94
numpy.prod, 97
numpy.sort, 103
numpy.cumsum, 104
numpy.shape, 104
numpy.ones_like, 106
numpy.issubdtype, 112
numpy.finfo, 121
numpy.testing.assert_almost_equal, 123
numpy.array_equal, 123
numpy.argsort, 128
numpy.transpose, 128
numpy.random.uniform, 130
numpy.tile, 132
numpy.empty_like, 133
numpy.clip, 135
numpy.timedelta64, 146
numpy.reshape, 153
numpy.eye, 154
numpy.may_share_memory, 156
numpy.full, 162
numpy.min, 173
numpy.repeat, 181
numpy.random.normal, 186
numpy.errstate, 187
numpy.hstack, 207
numpy.linalg.norm, 213
numpy.unique, 223
numpy.meshgrid, 232
numpy.max, 240
numpy.log, 257
numpy.testing.assert_array_equal, 268
numpy.mean, 278
numpy.zeros_like, 283
numpy.asanyarray, 303
numpy.random.randint, 318
numpy.any, 330
numpy.vstack, 333
numpy.where, 352
numpy.random.rand, 354
numpy.testing.assert_equal, 356
numpy.exp, 367
numpy.concatenate, 379
numpy.allclose, 391
numpy.isnan, 391
numpy.cos, 398
numpy.random.randn, 399
numpy.testing.assert_allclose, 442
numpy.abs, 459
numpy.dtype, 484
numpy.random.seed, 528
numpy.sin, 559
numpy.random.random, 560
numpy.sqrt, 611
numpy.sum, 660
numpy.random.RandomState, 689
numpy.empty, 719
numpy.dot, 785
numpy.linspace, 964
numpy.ones, 992
numpy.asarray, 1010
numpy.all, 1923
numpy.arange, 2114
numpy.zeros, 2186
numpy.array, 7374
